Nombre del Producto,URL de la Imagen
BELKIN QI2 15W POWER BANK 5.000 MAH STAND,https://istore.gt/wp-content/uploads/2025/01/5563b14cea901b7c_BPD006btBK_MagneticQi2PowerBanks_Hero_WEB-300x300.webp
BELKIN 10K POWER BANK USB-A &amp; C 15W BLACK,https://istore.gt/wp-content/uploads/2025/01/31136e14f727a17c_BPB011_BLK_BOOSTCHARGE_PowerBank10K_Angle_Upright_Web-300x300.webp
BELKIN 10K POWER BANK USB-A &amp; C 15W BLUE,https://istore.gt/wp-content/uploads/2025/01/51283fe0c3c3fca3_BPB011_BLU_BOOSTCHARGE_PowerBank10K_Angle_Upright_Web-300x300.webp
BELKIN 10K POWER BANK USB-A &amp; C 15W ROSE GOLD,https://istore.gt/wp-content/uploads/2025/01/367876328bbfb70c_BPB011_RSG_BOOSTCHARGE_PowerBank10K_Angle_Upright_Web-300x300.webp
BELKIN BUMPER AM CLEAR AW S9-S8-S7-S6-S5-S4-SE,https://istore.gt/wp-content/uploads/2025/01/729b90e7f7d33003_OVG003zzCL_TemperedGlass_41mm_AppleWatch9Bumper_Hero_WEB-300x300.webp
BELKIN BUMPER AM CLEAR  AW S9-S8-S7-S6-S5-S4-SE,https://istore.gt/wp-content/uploads/2025/01/729b90e7f7d33003_OVG003zzCL_TemperedGlass_41mm_AppleWatch9Bumper_Hero_WEB-300x300.webp
BELKIN BUMPER AM CLEAR AW ULTRA 1 – 2 49MM,https://istore.gt/wp-content/uploads/2025/01/38225244b0fc8c8f_OWA001zzCL_AppleWatchUltra-Series2_2in1-Protector_Shot-03_WEB-300x300.webp
BELKIN: 24W WALL CHARGER DUAL USB-A 12W,https://istore.gt/wp-content/uploads/2025/01/58113ea150b71152_WCE001_DQ_1MWH_WHT_USB-C_USB-A_FPK_WEB-300x300.webp
BELKIN CABLE BRAIDED USB-C&nbsp;TO USB-C 100W,https://istore.gt/wp-content/uploads/2025/01/3662ec673d3de024_CAB014-BLK_100W20Braided20C-C20Cables_MCB320_01_WEB-300x300.webp
BELKIN CABLE BRAIDED USB-C&nbsp;TO USB-C  240W,https://istore.gt/wp-content/uploads/2025/01/30559558571bc3c4_CAB014-WHT_100W-Braided-C-C-Cables_MCB320_05_WEB-300x300.png
BELKIN CABLE BOOSTCHARGE USB-C USB-C 1MTS,https://istore.gt/wp-content/uploads/2025/01/6e81fbb07dda0115_CAB004BT0M-BLK_BoostCharge_USB-C_to_USB-C_Gallery_Shot_03_WEB-300x300.webp
BELKIN CABLE BOOSTCHARGE USB-C USB-C 1MTS,https://istore.gt/wp-content/uploads/2025/01/7784109b01263532_CAB004BT0M-WHT_BoostCharge_USB-C_to_USB-C_Gallery_Shot_03_WEB-300x300.png
BELKIN CABLE BOOSTCHARGE USB-C TO USB-C 1MTS. BLAC,https://istore.gt/wp-content/uploads/2025/01/ART006522-300x300.webp
BELKIN CABLE BOOSTCHARGE USB-C USB-C 1MTS,https://istore.gt/wp-content/uploads/2025/01/ART006559-300x300.png
BELKIN CASE PARA AIRTAG,https://istore.gt/wp-content/uploads/2025/01/art006568-300x300.webp
BELKIN CABLE BOOSTCHARGE USB-A USB-C 1MTS,https://istore.gt/wp-content/uploads/2025/01/ART006554-300x300.webp
BELIKIN CABLE BOOSTCHARGE USB-A USB-C 1MTS,https://istore.gt/wp-content/uploads/2025/01/ART006555-300x300.webp
BELKIN CASE PARA AIRTAG,https://istore.gt/wp-content/uploads/2025/01/ART006563-300x300.webp
BELKIN CASE PARA AIRTAG,https://istore.gt/wp-content/uploads/2025/01/ART006565_1-300x300.webp
BELKIN TEMPERED GLASS IPHONE 16 PLUS,https://istore.gt/wp-content/uploads/2025/01/ART006517_1-300x300.webp
BELKIN TEMPERED GLASS IPHONE 16,https://istore.gt/wp-content/uploads/2025/01/ART006517_1-300x300.webp
iMac 24″ M4,https://istore.gt/wp-content/uploads/2024/11/imac--300x300.jpeg
AirPods 4 Gen,https://istore.gt/wp-content/uploads/2024/12/IMG-14858598-300x300.webp
MacBook Pro 16″ M4,https://istore.gt/wp-content/uploads/2024/11/WhatsApp-Image-2024-11-26-at-9.36.07-AM-300x300.jpeg
Apple Watch SERIE 10,https://istore.gt/wp-content/uploads/2024/11/blue-300x300.png
Apple Watch SE 2024,https://istore.gt/wp-content/uploads/2024/11/ART006305-2-300x300.png
AirPods Max – Blue,https://istore.gt/wp-content/uploads/2024/11/ART006306-2-300x300.png
AirPods Max – Orange,https://istore.gt/wp-content/uploads/2024/11/ART006302-2-300x300.png
AirPods Max – Purple,https://istore.gt/wp-content/uploads/2024/11/ART006303-2-300x300.png
AirPods Max – Midnight,https://istore.gt/wp-content/uploads/2024/10/wallet-300x300.jpg
AirPods Max – Starlight,https://istore.gt/wp-content/uploads/2024/10/ART006441-1-1-300x300.png
iPhone FineWoven Wallet with MagSafe – Blackberry,https://istore.gt/wp-content/uploads/2024/10/ART006437-3-300x300.png
iPhone FineWoven Wallet with MagSafe – Dark Green,https://istore.gt/wp-content/uploads/2024/10/ART006438-3-300x300.png
iPhone&nbsp;16 Silicone Case with MagSafe – Star Fruit,https://istore.gt/wp-content/uploads/2024/10/ART006439-300x300.png
iPhone&nbsp;16 Silicone Case with MagSafe – Stone Gray,https://istore.gt/wp-content/uploads/2024/10/ART006436-3-300x300.png
iPhone FineWoven Wallet with MagSafe – Black,https://istore.gt/wp-content/uploads/2024/10/ART006434-3-300x300.png
iPhone&nbsp;16 Silicone Case with MagSafe – Plum,https://istore.gt/wp-content/uploads/2024/10/ART006435-2-300x300.png
iPhone&nbsp;16 Silicone Case with MagSafe – Fuchsia,https://istore.gt/wp-content/uploads/2024/10/ART006433-3-300x300.png
iPhone&nbsp;16 Silicone Case with MagSafe – Lake Green,https://istore.gt/wp-content/uploads/2024/10/ART006431-3-300x300.png
iPhone&nbsp;16 Silicone Case with MagSafe – Denim,https://istore.gt/wp-content/uploads/2024/10/ART006432-2-300x300.png
iPhone 16 Plus Silicone Case with MagSafe – Ultramarine,https://istore.gt/wp-content/uploads/2024/10/ART006428-3-300x300.png
iPhone 16 Clear Case with MagSafe,https://istore.gt/wp-content/uploads/2024/10/ART006429-4-300x300.png
iPhone 16 Plus Silicone Case with MagSafe – Plum,https://istore.gt/wp-content/uploads/2024/10/ART006430-3-300x300.png
iPhone 16 Plus Silicone Case with MagSafe – Star Fruit,https://istore.gt/wp-content/uploads/2024/10/ART006425-3-300x300.png
iPhone 16 Plus Silicone Case with MagSafe – Stone Gray,https://istore.gt/wp-content/uploads/2024/10/ART006426-3-300x300.png
iPhone 16 Plus Silicone Case with MagSafe – Denim,https://istore.gt/wp-content/uploads/2024/10/ART006427-3-300x300.png
iPhone 16 Plus Silicone Case with MagSafe – Fuchsia,https://istore.gt/wp-content/uploads/2024/10/ART006423-3-300x300.png
iPhone 16 Plus Silicone Case with MagSafe – Lake Green,https://istore.gt/wp-content/uploads/2024/10/ART006424-2-300x300.png
iPhone 16 Plus Clear Case with MagSafe,https://istore.gt/wp-content/uploads/2024/10/ART006422-300x300.png
iPhone 16 Plus Silicone Case with MagSafe – Black,https://istore.gt/wp-content/uploads/2024/10/ART006420--300x300.png
iPhone&nbsp;16 Pro Silicone Case with MagSafe – Ultramarine,https://istore.gt/wp-content/uploads/2024/10/ART006421-300x300.png
iPhone&nbsp;16 Pro Silicone Case with MagSafe – Star Fr,https://istore.gt/wp-content/uploads/2024/10/ART006419-300x300.png
iPhone&nbsp;16 Pro Silicone Case with MagSafe – Stone Gray,https://istore.gt/wp-content/uploads/2024/10/ART006417-300x300.png
iPhone&nbsp;16 Pro Silicone Case with MagSafe – Plum,https://istore.gt/wp-content/uploads/2024/10/ART006418-300x300.png
iPhone&nbsp;16 Pro Silicone Case with MagSafe – Fuchsia,https://istore.gt/wp-content/uploads/2024/10/ART006416-300x300.png
iPhone&nbsp;16 Pro Silicone Case with MagSafe – Lake Green,https://istore.gt/wp-content/uploads/2024/10/ART006413-300x300.png
iPhone&nbsp;16 Pro Silicone Case with MagSafe – Denim,https://istore.gt/wp-content/uploads/2024/10/ART006414-300x300.png
iPhone&nbsp;16 Pro Max Silicone Case with MagSafe – Stone Gray,https://istore.gt/wp-content/uploads/2024/10/ART006415-300x300.png
Apple iPhone 16 Pro Clear Case with MagSafe,https://istore.gt/wp-content/uploads/2024/10/ART006412-300x300.png
iPhone&nbsp;16 Pro Silicone Case with MagSafe – Black,https://istore.gt/wp-content/uploads/2024/10/ART006410-300x300.png
iPhone&nbsp;16 Pro Max Silicone Case with MagSafe – Plum,https://istore.gt/wp-content/uploads/2024/10/ART006411-300x300.png
iPhone&nbsp;16 Pro Max Silicone Case with MagSafe – Denim,https://istore.gt/wp-content/uploads/2024/10/ART006409-1-300x300.png
iPhone&nbsp;16 Pro Max Silicone Case with MagSafe – Fucsia,https://istore.gt/wp-content/uploads/2024/10/imagen_2024-10-02_104746577-removebg-preview-1-300x300.jpg
Apple Iphone 16 Pro Max Clear Case With Magsafe,https://istore.gt/wp-content/uploads/2024/10/imagen_2024-10-02_104928845-removebg-preview-1-300x300.jpg
JBL True Wireless Earbuds Beam Mint,https://istore.gt/wp-content/uploads/2024/10/imagen_2024-10-02_103605681-removebg-preview-1-300x300.jpg
JBL True Wireless Earbuds Beam Black,https://istore.gt/wp-content/uploads/2024/10/imagen_2024-10-02_104046246-removebg-preview-1-300x300.jpg
JBL Bocina Go 3 – Teal,https://istore.gt/wp-content/uploads/2024/10/imagen_2024-10-02_102302278-removebg-preview-1-300x300.jpg
MYFIRST Sketch 3,https://istore.gt/wp-content/uploads/2024/10/imagen_2024-10-02_102803507-removebg-preview-1-300x300.jpg
NCO:SAFECASE LITE  IPHONE 16 PRO,https://istore.gt/wp-content/uploads/2024/10/imagen_2024-10-02_101224811-removebg-preview-1-300x300.jpg
NCO:SAFECASE LITE WITH MAGSAFE DUSTY ROSE FOR IPHO,https://istore.gt/wp-content/uploads/2024/10/imagen_2024-10-02_101547310-removebg-preview-1-300x300.jpg
NCO Camguard iPhone 16,https://istore.gt/wp-content/uploads/2024/10/imagen_2024-10-02_100024993-removebg-preview-1-300x300.jpg
NCO Camguard iPhone 16 Pro,https://istore.gt/wp-content/uploads/2024/10/imagen_2024-10-02_100527667-removebg-preview-1-1-300x300.jpg
NCO:SAFECASE LITE SHADOW BLACK I,https://istore.gt/wp-content/uploads/2024/10/imagen_2024-10-02_095357537-removebg-preview-1-1-300x300.jpg
NCO:SAFECASE LITE SHADOW BLACK I,https://istore.gt/wp-content/uploads/2024/10/imagen_2024-10-02_094149388-removebg-preview-2-300x300.jpg
NCO:SAFECASE LITE IPHONE 16,https://istore.gt/wp-content/uploads/2024/10/imagen_2024-10-02_093037522-removebg-preview-1-300x300.jpg
NCO:SAFECASE LITE IPHONE 16 PRO MAX,https://istore.gt/wp-content/uploads/2024/10/imagen_2024-10-02_090223778-removebg-preview-1-300x300.jpg
NCO:SAFECASE CLEAR RAINBOW WITH MAGSAFE FOR IPHONE,https://istore.gt/wp-content/uploads/2024/10/imagen_2024-10-04_124121063-removebg-preview-300x300.jpg
NCO:SAFECASE LITE FOR IPHONE 16,https://istore.gt/wp-content/uploads/2024/10/imagen_2024-10-02_091619729-removebg-preview-2-300x300.jpg
NCO Glassguard Antimicrobial For iPhone 16 Pro Max,https://istore.gt/wp-content/uploads/2024/09/Pink-300x300.png
NCO Glassguard Antimicrobial Glass For iPhone 16 Pro,https://istore.gt/wp-content/uploads/2024/09/bt-300x300.png
NCO:SAFECASE LITE WITH MAGSAFE SHADOW BLACK  FOR I,https://istore.gt/wp-content/uploads/2024/09/white-3-300x300.png
NCO:SAFECASE CLEAR RAINBOW WITH MAGSAFE FOR IPHON,https://istore.gt/wp-content/uploads/2024/09/red-300x300.png
NCO:SAFECASE CLEAR RAINBOW,https://istore.gt/wp-content/uploads/2024/09/BT-300x300.jpg
NCO:SAFECASE LITE  IPHONE 16 PRO,https://istore.gt/wp-content/uploads/2024/09/teal-300x300.png
